fold,accuracy,auc,pr_auc,method,model
0,0.8767772511848341,0.80481843575419,0.5590302549511456,pIDRc + EVE,xgboost
1,0.8625592417061612,0.844361033519553,0.556755139712036,pIDRc + EVE,xgboost
2,0.8862559241706162,0.7894553072625697,0.5843635832090348,pIDRc + EVE,xgboost
3,0.8862559241706162,0.849336592178771,0.6141486843560081,pIDRc + EVE,xgboost
4,0.8809523809523809,0.7786988646602993,0.5422794491758296,pIDRc + EVE,xgboost
5,0.9,0.8610560461344386,0.693440981148967,pIDRc + EVE,xgboost
6,0.8523809523809524,0.7046314651288521,0.4584169313863936,pIDRc + EVE,xgboost
7,0.861904761904762,0.7574337718507839,0.48496033986769665,pIDRc + EVE,xgboost
8,0.8904761904761904,0.841818820224719,0.6327781916664423,pIDRc + EVE,xgboost
9,0.8714285714285714,0.7294592696629213,0.5474293934235769,pIDRc + EVE,xgboost
0,0.8909952606635071,0.8317039106145252,0.65963148611702,pIDRc + ESM1B,xgboost
1,0.8957345971563981,0.9064245810055866,0.6950037586846675,pIDRc + ESM1B,xgboost
2,0.8767772511848341,0.8205307262569833,0.5805184901580915,pIDRc + ESM1B,xgboost
3,0.9052132701421801,0.865572625698324,0.5928944747480155,pIDRc + ESM1B,xgboost
4,0.9,0.8758334835105425,0.6641413231929968,pIDRc + ESM1B,xgboost
5,0.9095238095238095,0.9102540998378086,0.7243245757843684,pIDRc + ESM1B,xgboost
6,0.8809523809523809,0.8255541539016039,0.6506189908044713,pIDRc + ESM1B,xgboost
7,0.8761904761904762,0.7886105604613444,0.538441304782852,pIDRc + ESM1B,xgboost
8,0.9428571428571428,0.961376404494382,0.8744426289040867,pIDRc + ESM1B,xgboost
9,0.8761904761904762,0.7775632022471909,0.5131766179098556,pIDRc + ESM1B,xgboost
0,0.9052132701421801,0.9043296089385475,0.7869077049046609,pIDRc + AlphaMissense,xgboost
1,0.8957345971563981,0.9434357541899442,0.7226887590825303,pIDRc + AlphaMissense,xgboost
2,0.9146919431279621,0.8879189944134077,0.7215726448879864,pIDRc + AlphaMissense,xgboost
3,0.9052132701421801,0.8887918994413407,0.6620863928229469,pIDRc + AlphaMissense,xgboost
4,0.8666666666666667,0.8857451793115877,0.688881350818501,pIDRc + AlphaMissense,xgboost
5,0.8952380952380953,0.9055685709136782,0.7442211454737765,pIDRc + AlphaMissense,xgboost
6,0.9,0.8437556316453415,0.6264633550714199,pIDRc + AlphaMissense,xgboost
7,0.9047619047619048,0.8729500810956929,0.7175655970591642,pIDRc + AlphaMissense,xgboost
8,0.919047619047619,0.9427668539325843,0.8452481100194302,pIDRc + AlphaMissense,xgboost
9,0.8571428571428571,0.7768609550561797,0.5183934281531968,pIDRc + AlphaMissense,xgboost
1,0.8246445497630331,0.6669867318435754,0.5006623655526049,EVE,EVE
2,0.8341232227488151,0.7743540502793296,0.5142443564411603,EVE,EVE
3,0.8293838862559242,0.7733938547486033,0.5197944986650507,EVE,EVE
4,0.8436018957345972,0.696927374301676,0.537339305478999,EVE,EVE
5,0.8,0.6712921247071544,0.449096759708684,EVE,EVE
6,0.8428571428571429,0.7215714543160929,0.5314742339472689,EVE,EVE
7,0.8285714285714286,0.7038205081996756,0.48103277665121824,EVE,EVE
8,0.8095238095238095,0.7076049738691657,0.45952568042343933,EVE,EVE
9,0.8571428571428571,0.807935393258427,0.5955001255146841,EVE,EVE
10,0.8047619047619048,0.632373595505618,0.4725500280969031,EVE,EVE
1,0.8530805687203792,0.8886173184357541,0.6867396403714763,ESM1B,ESM1B
2,0.8767772511848341,0.8818959497206703,0.587133875751587,ESM1B,ESM1B
3,0.8436018957345972,0.8142458100558658,0.5073197864199841,ESM1B,ESM1B
4,0.8388625592417062,0.8197451117318437,0.606134267306408,ESM1B,ESM1B
5,0.8380952380952381,0.8661020003604253,0.6105132389359526,ESM1B,ESM1B
6,0.8809523809523809,0.8990809154802667,0.732052365008974,ESM1B,ESM1B
7,0.8761904761904762,0.7713101459722472,0.57227807332516,ESM1B,ESM1B
8,0.861904761904762,0.8045593800684808,0.5853534497651349,ESM1B,ESM1B
9,0.9,0.9294241573033708,0.7806927060593585,ESM1B,ESM1B
10,0.8380952380952381,0.8103932584269663,0.5510648898261941,ESM1B,ESM1B
1,0.8293838862559242,0.9064245810055865,0.7889433334344956,AlphaMissense,AlphaMissense
2,0.8578199052132701,0.9561801675977654,0.7999666668610327,AlphaMissense,AlphaMissense
3,0.8672985781990521,0.9113128491620112,0.7067528603606579,AlphaMissense,AlphaMissense
4,0.8151658767772512,0.8798882681564245,0.6984254881320521,AlphaMissense,AlphaMissense
5,0.8047619047619048,0.9084519733285277,0.6957403011998321,AlphaMissense,AlphaMissense
6,0.8761904761904762,0.935573977293206,0.8104914875097249,AlphaMissense,AlphaMissense
7,0.8714285714285714,0.8739412506757974,0.6430488956339611,AlphaMissense,AlphaMissense
8,0.8666666666666667,0.9358442962695981,0.8029890992752673,AlphaMissense,AlphaMissense
9,0.8666666666666667,0.9530372191011236,0.8471835468118947,AlphaMissense,AlphaMissense
10,0.819047619047619,0.8251404494382022,0.5997020577097721,AlphaMissense,AlphaMissense
0,0.8815165876777251,0.8131983240223464,0.5759166386800161,pIDRc + EVE,Random Forest
1,0.8767772511848341,0.8274266759776536,0.5818637841677586,pIDRc + EVE,Random Forest
2,0.8909952606635071,0.7934706703910615,0.6110377077572069,pIDRc + EVE,Random Forest
3,0.8767772511848341,0.8483763966480448,0.6457668386177142,pIDRc + EVE,Random Forest
4,0.8857142857142857,0.8218597945575778,0.5559625469975864,pIDRc + EVE,Random Forest
5,0.8952380952380953,0.8520454135880339,0.6877520330153332,pIDRc + EVE,Random Forest
6,0.8761904761904762,0.7561722832942872,0.5188612027700936,pIDRc + EVE,Random Forest
7,0.8714285714285714,0.8207785186520093,0.5401017930909623,pIDRc + EVE,Random Forest
8,0.8952380952380953,0.8932584269662921,0.7073515417391989,pIDRc + EVE,Random Forest
9,0.8904761904761904,0.7322682584269663,0.5418475646315387,pIDRc + EVE,Random Forest
0,0.8957345971563981,0.8237604748603352,0.6507049381736192,pIDRc + ESM1B,Random Forest
1,0.9004739336492891,0.9297311452513967,0.7526517249789432,pIDRc + ESM1B,Random Forest
2,0.8720379146919431,0.8260300279329609,0.5644381888332961,pIDRc + ESM1B,Random Forest
3,0.909952606635071,0.8651361731843575,0.6462054198583904,pIDRc + ESM1B,Random Forest
4,0.9238095238095239,0.8939448549288159,0.7427194781296244,pIDRc + ESM1B,Random Forest
5,0.9047619047619048,0.9259326004685529,0.7438262151573347,pIDRc + ESM1B,Random Forest
6,0.9,0.8324022346368715,0.6682829095747267,pIDRc + ESM1B,Random Forest
7,0.8809523809523809,0.7924851324562985,0.5620408820346146,pIDRc + ESM1B,Random Forest
8,0.919047619047619,0.953563904494382,0.8468424592440752,pIDRc + ESM1B,Random Forest
9,0.8809523809523809,0.7978405898876405,0.5628718662885938,pIDRc + ESM1B,Random Forest
0,0.9146919431279621,0.8845146648044693,0.7568178709250939,pIDRc + AlphaMissense,Random Forest
1,0.909952606635071,0.9512046089385475,0.7783492382894484,pIDRc + AlphaMissense,Random Forest
2,0.8957345971563981,0.8607716480446929,0.7094375114638064,pIDRc + AlphaMissense,Random Forest
3,0.9146919431279621,0.9002269553072626,0.6941046397144393,pIDRc + AlphaMissense,Random Forest
4,0.8952380952380953,0.9251216435393764,0.7530839400777645,pIDRc + AlphaMissense,Random Forest
5,0.9142857142857143,0.9286357902324742,0.8086716269818288,pIDRc + AlphaMissense,Random Forest
6,0.8857142857142857,0.8718688051901243,0.676317120841119,pIDRc + AlphaMissense,Random Forest
7,0.9238095238095239,0.9156604793656514,0.781586737844836,pIDRc + AlphaMissense,Random Forest
8,0.9285714285714286,0.949877106741573,0.8684542337198073,pIDRc + AlphaMissense,Random Forest
9,0.8761904761904762,0.793627106741573,0.6150838761476214,pIDRc + AlphaMissense,Random Forest
0,0.8862559241706162,0.7655377094972067,0.5673194439583742,pIDRc + EVE,MLP
1,0.8720379146919431,0.8293470670391062,0.5587370138145425,pIDRc + EVE,MLP
2,0.8767772511848341,0.7683310055865922,0.5726906288617901,pIDRc + EVE,MLP
3,0.8909952606635071,0.8589385474860335,0.6592285479462142,pIDRc + EVE,MLP
4,0.8809523809523809,0.8347449990989367,0.5922690690730698,pIDRc + EVE,MLP
5,0.8857142857142857,0.7963597044512525,0.5767760980229772,pIDRc + EVE,MLP
6,0.8666666666666667,0.7379708055505496,0.5132014643732833,pIDRc + EVE,MLP
7,0.8761904761904762,0.7592358983600649,0.495753163029885,pIDRc + EVE,MLP
8,0.8809523809523809,0.8685042134831461,0.6442048270040366,pIDRc + EVE,MLP
9,0.8714285714285714,0.7415730337078652,0.46927361235954046,pIDRc + EVE,MLP
0,0.909952606635071,0.8952513966480448,0.7209307578903262,pIDRc + ESM1B,MLP
1,0.9004739336492891,0.901536312849162,0.6361994655207356,pIDRc + ESM1B,MLP
2,0.8815165876777251,0.8266410614525139,0.5291589067770397,pIDRc + ESM1B,MLP
3,0.8909952606635071,0.8362430167597765,0.6561268078668461,pIDRc + ESM1B,MLP
4,0.9095238095238095,0.8716885925391963,0.6163870620201873,pIDRc + ESM1B,MLP
5,0.8952380952380953,0.8922328347449991,0.6737771385231484,pIDRc + ESM1B,MLP
6,0.9,0.7808614164714364,0.6010619741788403,pIDRc + ESM1B,MLP
7,0.8857142857142857,0.8015858713281673,0.6069143782333762,pIDRc + ESM1B,MLP
8,0.9238095238095239,0.9206460674157303,0.8157899594839497,pIDRc + ESM1B,MLP
9,0.8904761904761904,0.8125,0.5675097392167039,pIDRc + ESM1B,MLP
0,0.9241706161137441,0.9093924581005587,0.7858294132881126,pIDRc + AlphaMissense,MLP
1,0.9004739336492891,0.9568784916201116,0.7993496082599549,pIDRc + AlphaMissense,MLP
2,0.8909952606635071,0.911836592178771,0.7006126449013165,pIDRc + AlphaMissense,MLP
3,0.9146919431279621,0.8809357541899442,0.726735491738379,pIDRc + AlphaMissense,MLP
4,0.861904761904762,0.90538835826275,0.6386013328880455,pIDRc + AlphaMissense,MLP
5,0.9095238095238095,0.9275545143269057,0.7782792213165093,pIDRc + AlphaMissense,MLP
6,0.8952380952380953,0.8756532708596144,0.6763962573609063,pIDRc + AlphaMissense,MLP
7,0.9142857142857143,0.9293566408361866,0.7986582877925642,pIDRc + AlphaMissense,MLP
8,0.919047619047619,0.955056179775281,0.8589909754420102,pIDRc + AlphaMissense,MLP
9,0.8857142857142857,0.8196980337078652,0.5576445420769164,pIDRc + AlphaMissense,MLP
